INSERT INTO student (`stud_number`,`first_name`,`last_name`, `gender`,`email`,`id_nr`,`phone`,`address`) VALUES ("217916387", "Alene", "Grenier", "F", "217916387@tut4life.ac.za", "9510040572082", "0613950667", "2371 Jerrold Ave,Kulpsville,Montgomery,PA,19443");
INSERT INTO student (`stud_number`,`first_name`,`last_name`, `gender`,`email`,`id_nr`,`phone`,`address`) VALUES ("217606960", "Lavina", "Pascoe", "F", "217606960@tut4life.ac.za", "9501183003083", "0643910185", "37275 St  Rt 17m M,Middle Island,Suffolk,NY,11953");
INSERT INTO student (`stud_number`,`first_name`,`last_name`, `gender`,`email`,`id_nr`,`phone`,`address`) VALUES ("217743153", "Tona", "Bickel", "F", "217743153@tut4life.ac.za", "8304101082083", "0784510948", "25 E 75th St #69,Los Angeles,Los Angeles,CA,90034");
INSERT INTO student (`stud_number`,`first_name`,`last_name`, `gender`,`email`,`id_nr`,`phone`,`address`) VALUES ("217992416", "Valery", "Wattles", "F", "217992416@tut4life.ac.za", "9807013408084", "0618340661", "98 Connecticut Ave Nw,Chagrin Falls,Geauga,OH,44023");
INSERT INTO student (`stud_number`,`first_name`,`last_name`, `gender`,`email`,`id_nr`,`phone`,`address`) VALUES ("217253947", "Akiko", "Propp", "F", "217253947@tut4life.ac.za", "9704200079084", "0732820694", "56 E Morehead St,Laredo,Webb,TX,78045");
INSERT INTO student (`stud_number`,`first_name`,`last_name`, `gender`,`email`,`id_nr`,`phone`,`address`) VALUES ("217136606", "Alexia", "Nakata", "F", "217136606@tut4life.ac.za", "9208202836083", "0754820929", "73 State Road 434 E,Phoenix,Maricopa,AZ,85013");
INSERT INTO student (`stud_number`,`first_name`,`last_name`, `gender`,`email`,`id_nr`,`phone`,`address`) VALUES ("217360596", "Irene", "Montesinos", "F", "217360596@tut4life.ac.za", "9105193605082", "07200270970", "69734 E Carrillo St,Mc Minnville,Warren,TN,37110");
INSERT INTO student (`stud_number`,`first_name`,`last_name`, `gender`,`email`,`id_nr`,`phone`,`address`) VALUES ("217442116", "April", "Bierman", "F", "217442116@tut4life.ac.za", "9109014164082", "0675820354", "322 New Horizon Blvd,Milwaukee,Milwaukee,WI,53207");
INSERT INTO student (`stud_number`,`first_name`,`last_name`, `gender`,`email`,`id_nr`,`phone`,`address`) VALUES ("217297579", "Louisa", "Salvas", "F", "217297579@tut4life.ac.za", "9309253258083", "0638690460", "1 State Route 27,Taylor,Wayne,MI,48180");
INSERT INTO student (`stud_number`,`first_name`,`last_name`, `gender`,`email`,`id_nr`,`phone`,`address`) VALUES ("217789940", "Wonda", "Derouin", "F", "217789940@tut4life.ac.za", "9010110490084", "0646790998", "394 Manchester Blvd,Rockford,Winnebago,IL,61109");
INSERT INTO student (`stud_number`,`first_name`,`last_name`, `gender`,`email`,`id_nr`,`phone`,`address`) VALUES ("217411827", "Sun", "Turnipseed", "F", "217411827@tut4life.ac.za", "8604093654084", "0786350892", "6 S 33rd St,Aston,Delaware,PA,19014");
INSERT INTO student (`stud_number`,`first_name`,`last_name`, `gender`,`email`,`id_nr`,`phone`,`address`) VALUES ("217214330", "Lisha", "Rentz", "F", "217214330@tut4life.ac.za", "9702204171082", "0675360025", "6 Greenleaf Ave,San Jose,Santa Clara,CA,95111");
INSERT INTO student (`stud_number`,`first_name`,`last_name`, `gender`,`email`,`id_nr`,`phone`,`address`) VALUES ("217564026", "Janette", "Beddingfield", "F", "217564026@tut4life.ac.za", "8707063435083", "0763570914", "618 W Yakima Ave,Irving,Dallas,TX,75062");
INSERT INTO student (`stud_number`,`first_name`,`last_name`, `gender`,`email`,`id_nr`,`phone`,`address`) VALUES ("217580432", "Miss", "Ko", "F", "217580432@tut4life.ac.za", "8207012314084", "0644420178", "74 S Westgate St,Albany,Albany,NY,12204");
INSERT INTO student (`stud_number`,`first_name`,`last_name`, `gender`,`email`,`id_nr`,`phone`,`address`) VALUES ("217926936", "Santa", "Kalish", "F", "217926936@tut4life.ac.za", "9311103393082", "0741950537", "3273 State St,Middlesex,Middlesex,NJ,8846");
INSERT INTO student (`stud_number`,`first_name`,`last_name`, `gender`,`email`,`id_nr`,`phone`,`address`) VALUES ("217760674", "Becki", "Sydnor", "F", "217760674@tut4life.ac.za", "9708140032083", "0671050626", "1 Central Ave,Stevens Point,Portage,WI,54481");
INSERT INTO student (`stud_number`,`first_name`,`last_name`, `gender`,`email`,`id_nr`,`phone`,`address`) VALUES ("217968291", "Bernadette", "Dejean", "F", "217968291@tut4life.ac.za", "9008100700082", "0731210248", "86 Nw 66th St #8673,Shawnee,Johnson,KS,66218");
INSERT INTO student (`stud_number`,`first_name`,`last_name`, `gender`,`email`,`id_nr`,`phone`,`address`) VALUES ("217750992", "Lea", "Shufelt", "F", "217750992@tut4life.ac.za", "8704031084084", "0742320526", "2 Cedar Ave #84,Easton,Talbot,MD,21601");
INSERT INTO student (`stud_number`,`first_name`,`last_name`, `gender`,`email`,`id_nr`,`phone`,`address`) VALUES ("217945340", "Maximina", "Wittig", "F", "217945340@tut4life.ac.za", "8910050299083", "0641000002", "90991 Thorburn Ave,New York,New York,NY,10011");
INSERT INTO student (`stud_number`,`first_name`,`last_name`, `gender`,`email`,`id_nr`,`phone`,`address`) VALUES ("217168957", "Torie", "Arviso", "F", "217168957@tut4life.ac.za", "8509064436082", "0786170194", "386 9th Ave N,Conroe,Montgomery,TX,77301");
INSERT INTO student (`stud_number`,`first_name`,`last_name`, `gender`,`email`,`id_nr`,`phone`,`address`) VALUES ("217765066", "Tessie", "Silverberg", "F", "217765066@tut4life.ac.za", "8511223843083", "0655480267", "74874 Atlantic Ave,Columbus,Franklin,OH,43215");
INSERT INTO student (`stud_number`,`first_name`,`last_name`, `gender`,`email`,`id_nr`,`phone`,`address`) VALUES ("217424288", "Marva", "Senger", "F", "217424288@tut4life.ac.za", "9007193068084", "0765380300", "366 South Dr,Las Cruces,Dona Ana,NM,88011");
INSERT INTO student (`stud_number`,`first_name`,`last_name`, `gender`,`email`,`id_nr`,`phone`,`address`) VALUES ("217162905", "Esther", "Leverett", "F", "217162905@tut4life.ac.za", "8402051952083", "0751460219", "45 E Liberty St,Ridgefield Park,Bergen,NJ,7660");
INSERT INTO student (`stud_number`,`first_name`,`last_name`, `gender`,`email`,`id_nr`,`phone`,`address`) VALUES ("218521311", "Mia", "Merlino", "F", "218521311@tut4life.ac.za", "9401222762084", "0650050412", "4 Ralph Ct,Dunellen,Middlesex,NJ,8812");
INSERT INTO student (`stud_number`,`first_name`,`last_name`, `gender`,`email`,`id_nr`,`phone`,`address`) VALUES ("218972174", "Beula", "Cabaniss", "F", "218972174@tut4life.ac.za", "9710180415083", "0761280599", "2742 Distribution Way,New York,New York,NY,10025");
INSERT INTO student (`stud_number`,`first_name`,`last_name`, `gender`,`email`,`id_nr`,`phone`,`address`) VALUES ("218426930", "Katharine", "Carey", "F", "218426930@tut4life.ac.za", "8804041458082", "0627750424", "426 Wolf St,Metairie,Jefferson,LA,70002");
INSERT INTO student (`stud_number`,`first_name`,`last_name`, `gender`,`email`,`id_nr`,`phone`,`address`) VALUES ("218187458", "Lyndsey", "Gutter", "F", "218187458@tut4life.ac.za", "8704223439083", "0657900135", "128 Bransten Rd,New York,New York,NY,10011");
INSERT INTO student (`stud_number`,`first_name`,`last_name`, `gender`,`email`,`id_nr`,`phone`,`address`) VALUES ("218602008", "Esmeralda", "Taplin", "F", "218602008@tut4life.ac.za", "9302092785084", "0744780088", "17 Morena Blvd,Camarillo,Ventura,CA,93012");
INSERT INTO student (`stud_number`,`first_name`,`last_name`, `gender`,`email`,`id_nr`,`phone`,`address`) VALUES ("218643925", "Jona", "Leake", "F", "218643925@tut4life.ac.za", "8807242250084", "0649140495", "775 W 17th St,San Antonio,Bexar,TX,78204");
INSERT INTO student (`stud_number`,`first_name`,`last_name`, `gender`,`email`,`id_nr`,`phone`,`address`) VALUES ("218484535", "Flor", "Ledger", "F", "218484535@tut4life.ac.za", "9407092228084", "06500350951", "6980 Dorsett Rd,Abilene,Dickinson,KS,67410");
INSERT INTO student (`stud_number`,`first_name`,`last_name`, `gender`,`email`,`id_nr`,`phone`,`address`) VALUES ("218878732", "Sebrina", "Massengale", "F", "218878732@tut4life.ac.za", "9711021996082", "0639850566", "2881 Lewis Rd,Prineville,Crook,OR,97754");
INSERT INTO student (`stud_number`,`first_name`,`last_name`, `gender`,`email`,`id_nr`,`phone`,`address`) VALUES ("218809533", "Akilah", "Ing", "F", "218809533@tut4life.ac.za", "9308230702084", "0674750348", "7219 Woodfield Rd,Overland Park,Johnson,KS,66204");
INSERT INTO student (`stud_number`,`first_name`,`last_name`, `gender`,`email`,`id_nr`,`phone`,`address`) VALUES ("218506245", "Vikki", "Doung", "F", "218506245@tut4life.ac.za", "9104203386084", "0628090884", "1048 Main St,Fairbanks,Fairbanks North Star,AK,99708");
INSERT INTO student (`stud_number`,`first_name`,`last_name`, `gender`,`email`,`id_nr`,`phone`,`address`) VALUES ("218510492", "Krystin", "Atchinson", "F", "218510492@tut4life.ac.za", "8706071631084", "0645040455", "678 3rd Ave,Miami,Miami-Dade,FL,33196");
INSERT INTO student (`stud_number`,`first_name`,`last_name`, `gender`,`email`,`id_nr`,`phone`,`address`) VALUES ("218242709", "Erminia", "Morlan", "F", "218242709@tut4life.ac.za", "8804203651084", "0617590175", "20 S Babcock St,Fairbanks,Fairbanks North Star,AK,99712");
INSERT INTO student (`stud_number`,`first_name`,`last_name`, `gender`,`email`,`id_nr`,`phone`,`address`) VALUES ("218426276", "Judi", "Harmer", "F", "218426276@tut4life.ac.za", "8208140527082", "0762840364", "2 Lighthouse Ave,Hopkins,Hennepin,MN,55343");



INSERT INTO `student_course_registation` ( `stud_number`, `course_id` ) VALUES (217916387, 1);
 INSERT INTO `lecture_student` (`stud_number`,`reg_date`,  `lecture_id` ) VALUES (217916387, '2020-01-14', 81);
 INSERT INTO `lecture_student` (`stud_number`,`reg_date`,  `lecture_id` ) VALUES (217916387, '2020-01-14' ,77);
 INSERT INTO `lecture_student` (`stud_number`,`reg_date`,  `lecture_id` ) VALUES (217916387, '2020-01-14' ,80);
 INSERT INTO `lecture_student` (`stud_number`,`reg_date`,  `lecture_id` ) VALUES (217916387, '2020-01-14', 65);
 INSERT INTO `lecture_student` (`stud_number`,`reg_date`,  `lecture_id` ) VALUES (217916387, '2020-01-14' ,64);
 INSERT INTO `lecture_student` (`stud_number`,`reg_date`,  `lecture_id` ) VALUES (217916387, '2020-01-14' ,11);
 INSERT INTO `student_course_registation` ( `stud_number`, `course_id` ) VALUES (217606960, 1);
 INSERT INTO `lecture_student` (`stud_number`,`reg_date`,  `lecture_id` ) VALUES (217606960, '2020-01-14', 81);
 INSERT INTO `lecture_student` (`stud_number`,`reg_date`,  `lecture_id` ) VALUES (217606960, '2020-01-14' ,78);
 INSERT INTO `lecture_student` (`stud_number`,`reg_date`,  `lecture_id` ) VALUES (217606960, '2020-01-14' ,77);
 INSERT INTO `lecture_student` (`stud_number`,`reg_date`,  `lecture_id` ) VALUES (217606960, '2020-01-14' ,80);
 INSERT INTO `lecture_student` (`stud_number`,`reg_date`,  `lecture_id` ) VALUES (217606960, '2020-01-14', 65);
 INSERT INTO `lecture_student` (`stud_number`,`reg_date`,  `lecture_id` ) VALUES (217606960, '2020-01-14' ,11);
 INSERT INTO `student_course_registation` ( `stud_number`, `course_id` ) VALUES (217743153, 1);
 INSERT INTO `lecture_student` (`stud_number`,`reg_date`,  `lecture_id` ) VALUES (217743153, '2020-01-14', 81);
 INSERT INTO `lecture_student` (`stud_number`,`reg_date`,  `lecture_id` ) VALUES (217743153, '2020-01-14' ,79);
 INSERT INTO `lecture_student` (`stud_number`,`reg_date`,  `lecture_id` ) VALUES (217743153, '2020-01-14' ,78);
 INSERT INTO `lecture_student` (`stud_number`,`reg_date`,  `lecture_id` ) VALUES (217743153, '2020-01-14' ,77);
 INSERT INTO `lecture_student` (`stud_number`,`reg_date`,  `lecture_id` ) VALUES (217743153, '2020-01-14', 65);
 INSERT INTO `lecture_student` (`stud_number`,`reg_date`,  `lecture_id` ) VALUES (217743153, '2020-01-14' ,64);
 INSERT INTO `student_course_registation` ( `stud_number`, `course_id` ) VALUES (217992416, 1);
 INSERT INTO `lecture_student` (`stud_number`,`reg_date`,  `lecture_id` ) VALUES (217992416, '2020-01-14', 81);
 INSERT INTO `lecture_student` (`stud_number`,`reg_date`,  `lecture_id` ) VALUES (217992416, '2020-01-14' ,79);
 INSERT INTO `lecture_student` (`stud_number`,`reg_date`,  `lecture_id` ) VALUES (217992416, '2020-01-14' ,78);
 INSERT INTO `lecture_student` (`stud_number`,`reg_date`,  `lecture_id` ) VALUES (217992416, '2020-01-14' ,77);
 INSERT INTO `lecture_student` (`stud_number`,`reg_date`,  `lecture_id` ) VALUES (217992416, '2020-01-14' ,80);
 INSERT INTO `lecture_student` (`stud_number`,`reg_date`,  `lecture_id` ) VALUES (217992416, '2020-01-14', 65);
 INSERT INTO `lecture_student` (`stud_number`,`reg_date`,  `lecture_id` ) VALUES (217992416, '2020-01-14' ,11);
 INSERT INTO `student_course_registation` ( `stud_number`, `course_id` ) VALUES (217253947, 1);
 INSERT INTO `lecture_student` (`stud_number`,`reg_date`,  `lecture_id` ) VALUES (217253947, '2020-01-14', 81);
 INSERT INTO `lecture_student` (`stud_number`,`reg_date`,  `lecture_id` ) VALUES (217253947, '2020-01-14' ,79);
 INSERT INTO `lecture_student` (`stud_number`,`reg_date`,  `lecture_id` ) VALUES (217253947, '2020-01-14' ,77);
 INSERT INTO `lecture_student` (`stud_number`,`reg_date`,  `lecture_id` ) VALUES (217253947, '2020-01-14' ,80);
 INSERT INTO `lecture_student` (`stud_number`,`reg_date`,  `lecture_id` ) VALUES (217253947, '2020-01-14', 65);
 INSERT INTO `lecture_student` (`stud_number`,`reg_date`,  `lecture_id` ) VALUES (217253947, '2020-01-14' ,64);
 INSERT INTO `lecture_student` (`stud_number`,`reg_date`,  `lecture_id` ) VALUES (217253947, '2020-01-14' ,11);
 INSERT INTO `student_course_registation` ( `stud_number`, `course_id` ) VALUES (217136606, 1);
 INSERT INTO `lecture_student` (`stud_number`,`reg_date`,  `lecture_id` ) VALUES (217136606, '2020-01-14', 81);
 INSERT INTO `lecture_student` (`stud_number`,`reg_date`,  `lecture_id` ) VALUES (217136606, '2020-01-14' ,79);
 INSERT INTO `lecture_student` (`stud_number`,`reg_date`,  `lecture_id` ) VALUES (217136606, '2020-01-14' ,78);
 INSERT INTO `lecture_student` (`stud_number`,`reg_date`,  `lecture_id` ) VALUES (217136606, '2020-01-14' ,77);
 INSERT INTO `lecture_student` (`stud_number`,`reg_date`,  `lecture_id` ) VALUES (217136606, '2020-01-14' ,80);
 INSERT INTO `lecture_student` (`stud_number`,`reg_date`,  `lecture_id` ) VALUES (217136606, '2020-01-14' ,64);
 INSERT INTO `student_course_registation` ( `stud_number`, `course_id` ) VALUES (217360596, 1);
 INSERT INTO `lecture_student` (`stud_number`,`reg_date`,  `lecture_id` ) VALUES (217360596, '2020-01-14', 81);
 INSERT INTO `lecture_student` (`stud_number`,`reg_date`,  `lecture_id` ) VALUES (217360596, '2020-01-14' ,77);
 INSERT INTO `lecture_student` (`stud_number`,`reg_date`,  `lecture_id` ) VALUES (217360596, '2020-01-14' ,80);
 INSERT INTO `lecture_student` (`stud_number`,`reg_date`,  `lecture_id` ) VALUES (217360596, '2020-01-14', 65);
 INSERT INTO `lecture_student` (`stud_number`,`reg_date`,  `lecture_id` ) VALUES (217360596, '2020-01-14' ,64);
 INSERT INTO `lecture_student` (`stud_number`,`reg_date`,  `lecture_id` ) VALUES (217360596, '2020-01-14' ,11);
 INSERT INTO `student_course_registation` ( `stud_number`, `course_id` ) VALUES (217442116, 1);
 INSERT INTO `lecture_student` (`stud_number`,`reg_date`,  `lecture_id` ) VALUES (217442116, '2020-01-14', 81);
 INSERT INTO `lecture_student` (`stud_number`,`reg_date`,  `lecture_id` ) VALUES (217442116, '2020-01-14' ,80);
 INSERT INTO `lecture_student` (`stud_number`,`reg_date`,  `lecture_id` ) VALUES (217442116, '2020-01-14', 65);
 INSERT INTO `lecture_student` (`stud_number`,`reg_date`,  `lecture_id` ) VALUES (217442116, '2020-01-14' ,64);
 INSERT INTO `student_course_registation` ( `stud_number`, `course_id` ) VALUES (217297579, 1);
 INSERT INTO `lecture_student` (`stud_number`,`reg_date`,  `lecture_id` ) VALUES (217297579, '2020-01-14' ,79);
 INSERT INTO `lecture_student` (`stud_number`,`reg_date`,  `lecture_id` ) VALUES (217297579, '2020-01-14' ,78);
 INSERT INTO `lecture_student` (`stud_number`,`reg_date`,  `lecture_id` ) VALUES (217297579, '2020-01-14', 65);
 INSERT INTO `lecture_student` (`stud_number`,`reg_date`,  `lecture_id` ) VALUES (217297579, '2020-01-14' ,64);
 INSERT INTO `lecture_student` (`stud_number`,`reg_date`,  `lecture_id` ) VALUES (217297579, '2020-01-14' ,11);
 INSERT INTO `student_course_registation` ( `stud_number`, `course_id` ) VALUES (217789940, 1);
 INSERT INTO `lecture_student` (`stud_number`,`reg_date`,  `lecture_id` ) VALUES (217789940, '2020-01-14', 81);
 INSERT INTO `lecture_student` (`stud_number`,`reg_date`,  `lecture_id` ) VALUES (217789940, '2020-01-14' ,77);
 INSERT INTO `lecture_student` (`stud_number`,`reg_date`,  `lecture_id` ) VALUES (217789940, '2020-01-14' ,80);
 INSERT INTO `lecture_student` (`stud_number`,`reg_date`,  `lecture_id` ) VALUES (217789940, '2020-01-14', 65);
 INSERT INTO `lecture_student` (`stud_number`,`reg_date`,  `lecture_id` ) VALUES (217789940, '2020-01-14' ,64);
 INSERT INTO `lecture_student` (`stud_number`,`reg_date`,  `lecture_id` ) VALUES (217789940, '2020-01-14' ,11);
 INSERT INTO `student_course_registation` ( `stud_number`, `course_id` ) VALUES (217411827, 1);
 INSERT INTO `lecture_student` (`stud_number`,`reg_date`,  `lecture_id` ) VALUES (217411827, '2020-01-14', 81);
 INSERT INTO `lecture_student` (`stud_number`,`reg_date`,  `lecture_id` ) VALUES (217411827, '2020-01-14' ,79);
 INSERT INTO `lecture_student` (`stud_number`,`reg_date`,  `lecture_id` ) VALUES (217411827, '2020-01-14' ,80);
 INSERT INTO `lecture_student` (`stud_number`,`reg_date`,  `lecture_id` ) VALUES (217411827, '2020-01-14', 65);
 INSERT INTO `lecture_student` (`stud_number`,`reg_date`,  `lecture_id` ) VALUES (217411827, '2020-01-14' ,64);
 INSERT INTO `lecture_student` (`stud_number`,`reg_date`,  `lecture_id` ) VALUES (217411827, '2020-01-14' ,11);
 INSERT INTO `student_course_registation` ( `stud_number`, `course_id` ) VALUES (217214330, 1);
 INSERT INTO `lecture_student` (`stud_number`,`reg_date`,  `lecture_id` ) VALUES (217214330, '2020-01-14', 81);
 INSERT INTO `lecture_student` (`stud_number`,`reg_date`,  `lecture_id` ) VALUES (217214330, '2020-01-14' ,79);
 INSERT INTO `lecture_student` (`stud_number`,`reg_date`,  `lecture_id` ) VALUES (217214330, '2020-01-14' ,78);
 INSERT INTO `lecture_student` (`stud_number`,`reg_date`,  `lecture_id` ) VALUES (217214330, '2020-01-14' ,77);
 INSERT INTO `lecture_student` (`stud_number`,`reg_date`,  `lecture_id` ) VALUES (217214330, '2020-01-14' ,80);
 INSERT INTO `lecture_student` (`stud_number`,`reg_date`,  `lecture_id` ) VALUES (217214330, '2020-01-14', 65);
 INSERT INTO `lecture_student` (`stud_number`,`reg_date`,  `lecture_id` ) VALUES (217214330, '2020-01-14' ,64);
 INSERT INTO `lecture_student` (`stud_number`,`reg_date`,  `lecture_id` ) VALUES (217214330, '2020-01-14' ,11);
 INSERT INTO `student_course_registation` ( `stud_number`, `course_id` ) VALUES (217564026, 1);
 INSERT INTO `lecture_student` (`stud_number`,`reg_date`,  `lecture_id` ) VALUES (217564026, '2020-01-14', 81);
 INSERT INTO `lecture_student` (`stud_number`,`reg_date`,  `lecture_id` ) VALUES (217564026, '2020-01-14' ,79);
 INSERT INTO `lecture_student` (`stud_number`,`reg_date`,  `lecture_id` ) VALUES (217564026, '2020-01-14' ,77);
 INSERT INTO `lecture_student` (`stud_number`,`reg_date`,  `lecture_id` ) VALUES (217564026, '2020-01-14', 65);
 INSERT INTO `lecture_student` (`stud_number`,`reg_date`,  `lecture_id` ) VALUES (217564026, '2020-01-14' ,11);
 INSERT INTO `student_course_registation` ( `stud_number`, `course_id` ) VALUES (217580432, 1);
 INSERT INTO `lecture_student` (`stud_number`,`reg_date`,  `lecture_id` ) VALUES (217580432, '2020-01-14', 81);
 INSERT INTO `lecture_student` (`stud_number`,`reg_date`,  `lecture_id` ) VALUES (217580432, '2020-01-14' ,77);
 INSERT INTO `lecture_student` (`stud_number`,`reg_date`,  `lecture_id` ) VALUES (217580432, '2020-01-14' ,80);
 INSERT INTO `lecture_student` (`stud_number`,`reg_date`,  `lecture_id` ) VALUES (217580432, '2020-01-14', 65);
 INSERT INTO `lecture_student` (`stud_number`,`reg_date`,  `lecture_id` ) VALUES (217580432, '2020-01-14' ,64);
 INSERT INTO `lecture_student` (`stud_number`,`reg_date`,  `lecture_id` ) VALUES (217580432, '2020-01-14' ,11);
 INSERT INTO `student_course_registation` ( `stud_number`, `course_id` ) VALUES (217926936, 1);
 INSERT INTO `lecture_student` (`stud_number`,`reg_date`,  `lecture_id` ) VALUES (217926936, '2020-01-14', 81);
 INSERT INTO `lecture_student` (`stud_number`,`reg_date`,  `lecture_id` ) VALUES (217926936, '2020-01-14' ,79);
 INSERT INTO `lecture_student` (`stud_number`,`reg_date`,  `lecture_id` ) VALUES (217926936, '2020-01-14' ,78);
 INSERT INTO `lecture_student` (`stud_number`,`reg_date`,  `lecture_id` ) VALUES (217926936, '2020-01-14' ,80);
 INSERT INTO `lecture_student` (`stud_number`,`reg_date`,  `lecture_id` ) VALUES (217926936, '2020-01-14' ,64);
 INSERT INTO `lecture_student` (`stud_number`,`reg_date`,  `lecture_id` ) VALUES (217926936, '2020-01-14' ,11);
 INSERT INTO `student_course_registation` ( `stud_number`, `course_id` ) VALUES (217760674, 1);
 INSERT INTO `lecture_student` (`stud_number`,`reg_date`,  `lecture_id` ) VALUES (217760674, '2020-01-14', 81);
 INSERT INTO `lecture_student` (`stud_number`,`reg_date`,  `lecture_id` ) VALUES (217760674, '2020-01-14' ,79);
 INSERT INTO `lecture_student` (`stud_number`,`reg_date`,  `lecture_id` ) VALUES (217760674, '2020-01-14' ,77);
 INSERT INTO `lecture_student` (`stud_number`,`reg_date`,  `lecture_id` ) VALUES (217760674, '2020-01-14' ,80);
 INSERT INTO `lecture_student` (`stud_number`,`reg_date`,  `lecture_id` ) VALUES (217760674, '2020-01-14', 65);
 INSERT INTO `lecture_student` (`stud_number`,`reg_date`,  `lecture_id` ) VALUES (217760674, '2020-01-14' ,64);
 INSERT INTO `student_course_registation` ( `stud_number`, `course_id` ) VALUES (217968291, 1);
 INSERT INTO `lecture_student` (`stud_number`,`reg_date`,  `lecture_id` ) VALUES (217968291, '2020-01-14', 81);
 INSERT INTO `lecture_student` (`stud_number`,`reg_date`,  `lecture_id` ) VALUES (217968291, '2020-01-14' ,79);
 INSERT INTO `lecture_student` (`stud_number`,`reg_date`,  `lecture_id` ) VALUES (217968291, '2020-01-14' ,77);
 INSERT INTO `lecture_student` (`stud_number`,`reg_date`,  `lecture_id` ) VALUES (217968291, '2020-01-14' ,80);
 INSERT INTO `lecture_student` (`stud_number`,`reg_date`,  `lecture_id` ) VALUES (217968291, '2020-01-14', 65);
 INSERT INTO `lecture_student` (`stud_number`,`reg_date`,  `lecture_id` ) VALUES (217968291, '2020-01-14' ,64);
 INSERT INTO `lecture_student` (`stud_number`,`reg_date`,  `lecture_id` ) VALUES (217968291, '2020-01-14' ,11);
 INSERT INTO `student_course_registation` ( `stud_number`, `course_id` ) VALUES (217750992, 1);
 INSERT INTO `lecture_student` (`stud_number`,`reg_date`,  `lecture_id` ) VALUES (217750992, '2020-01-14', 81);
 INSERT INTO `lecture_student` (`stud_number`,`reg_date`,  `lecture_id` ) VALUES (217750992, '2020-01-14' ,79);
 INSERT INTO `lecture_student` (`stud_number`,`reg_date`,  `lecture_id` ) VALUES (217750992, '2020-01-14' ,78);
 INSERT INTO `lecture_student` (`stud_number`,`reg_date`,  `lecture_id` ) VALUES (217750992, '2020-01-14' ,77);
 INSERT INTO `lecture_student` (`stud_number`,`reg_date`,  `lecture_id` ) VALUES (217750992, '2020-01-14' ,80);
 INSERT INTO `lecture_student` (`stud_number`,`reg_date`,  `lecture_id` ) VALUES (217750992, '2020-01-14', 65);
 INSERT INTO `lecture_student` (`stud_number`,`reg_date`,  `lecture_id` ) VALUES (217750992, '2020-01-14' ,64);
 INSERT INTO `student_course_registation` ( `stud_number`, `course_id` ) VALUES (217945340, 1);
 INSERT INTO `lecture_student` (`stud_number`,`reg_date`,  `lecture_id` ) VALUES (217945340, '2020-01-14', 81);
 INSERT INTO `lecture_student` (`stud_number`,`reg_date`,  `lecture_id` ) VALUES (217945340, '2020-01-14' ,79);
 INSERT INTO `lecture_student` (`stud_number`,`reg_date`,  `lecture_id` ) VALUES (217945340, '2020-01-14' ,78);
 INSERT INTO `lecture_student` (`stud_number`,`reg_date`,  `lecture_id` ) VALUES (217945340, '2020-01-14' ,77);
 INSERT INTO `lecture_student` (`stud_number`,`reg_date`,  `lecture_id` ) VALUES (217945340, '2020-01-14' ,80);
 INSERT INTO `lecture_student` (`stud_number`,`reg_date`,  `lecture_id` ) VALUES (217945340, '2020-01-14', 65);
 INSERT INTO `lecture_student` (`stud_number`,`reg_date`,  `lecture_id` ) VALUES (217945340, '2020-01-14' ,64);
 INSERT INTO `lecture_student` (`stud_number`,`reg_date`,  `lecture_id` ) VALUES (217945340, '2020-01-14' ,11);
 INSERT INTO `student_course_registation` ( `stud_number`, `course_id` ) VALUES (217168957, 1);
 INSERT INTO `lecture_student` (`stud_number`,`reg_date`,  `lecture_id` ) VALUES (217168957, '2020-01-14', 81);
 INSERT INTO `lecture_student` (`stud_number`,`reg_date`,  `lecture_id` ) VALUES (217168957, '2020-01-14' ,77);
 INSERT INTO `lecture_student` (`stud_number`,`reg_date`,  `lecture_id` ) VALUES (217168957, '2020-01-14' ,80);
 INSERT INTO `lecture_student` (`stud_number`,`reg_date`,  `lecture_id` ) VALUES (217168957, '2020-01-14', 65);
 INSERT INTO `lecture_student` (`stud_number`,`reg_date`,  `lecture_id` ) VALUES (217168957, '2020-01-14' ,64);
 INSERT INTO `lecture_student` (`stud_number`,`reg_date`,  `lecture_id` ) VALUES (217168957, '2020-01-14' ,11);
 INSERT INTO `student_course_registation` ( `stud_number`, `course_id` ) VALUES (217765066, 1);
 INSERT INTO `lecture_student` (`stud_number`,`reg_date`,  `lecture_id` ) VALUES (217765066, '2020-01-14', 81);
 INSERT INTO `lecture_student` (`stud_number`,`reg_date`,  `lecture_id` ) VALUES (217765066, '2020-01-14' ,77);
 INSERT INTO `lecture_student` (`stud_number`,`reg_date`,  `lecture_id` ) VALUES (217765066, '2020-01-14', 65);
 INSERT INTO `lecture_student` (`stud_number`,`reg_date`,  `lecture_id` ) VALUES (217765066, '2020-01-14' ,11);
 INSERT INTO `student_course_registation` ( `stud_number`, `course_id` ) VALUES (217424288, 1);
 INSERT INTO `lecture_student` (`stud_number`,`reg_date`,  `lecture_id` ) VALUES (217424288, '2020-01-14', 81);
 INSERT INTO `lecture_student` (`stud_number`,`reg_date`,  `lecture_id` ) VALUES (217424288, '2020-01-14' ,79);
 INSERT INTO `lecture_student` (`stud_number`,`reg_date`,  `lecture_id` ) VALUES (217424288, '2020-01-14' ,77);
 INSERT INTO `lecture_student` (`stud_number`,`reg_date`,  `lecture_id` ) VALUES (217424288, '2020-01-14' ,80);
 INSERT INTO `lecture_student` (`stud_number`,`reg_date`,  `lecture_id` ) VALUES (217424288, '2020-01-14', 65);
 INSERT INTO `lecture_student` (`stud_number`,`reg_date`,  `lecture_id` ) VALUES (217424288, '2020-01-14' ,64);
 INSERT INTO `student_course_registation` ( `stud_number`, `course_id` ) VALUES (217162905, 1);
 INSERT INTO `lecture_student` (`stud_number`,`reg_date`,  `lecture_id` ) VALUES (217162905, '2020-01-14', 81);
 INSERT INTO `lecture_student` (`stud_number`,`reg_date`,  `lecture_id` ) VALUES (217162905, '2020-01-14' ,79);
 INSERT INTO `lecture_student` (`stud_number`,`reg_date`,  `lecture_id` ) VALUES (217162905, '2020-01-14' ,77);
 INSERT INTO `lecture_student` (`stud_number`,`reg_date`,  `lecture_id` ) VALUES (217162905, '2020-01-14' ,80);
 INSERT INTO `lecture_student` (`stud_number`,`reg_date`,  `lecture_id` ) VALUES (217162905, '2020-01-14', 65);
 INSERT INTO `lecture_student` (`stud_number`,`reg_date`,  `lecture_id` ) VALUES (217162905, '2020-01-14' ,11);
 INSERT INTO `student_course_registation` ( `stud_number`, `course_id` ) VALUES (218521311, 1);
 INSERT INTO `lecture_student` (`stud_number`,`reg_date`,  `lecture_id` ) VALUES (218521311, '2020-01-14', 81);
 INSERT INTO `lecture_student` (`stud_number`,`reg_date`,  `lecture_id` ) VALUES (218521311, '2020-01-14' ,79);
 INSERT INTO `lecture_student` (`stud_number`,`reg_date`,  `lecture_id` ) VALUES (218521311, '2020-01-14' ,77);
 INSERT INTO `lecture_student` (`stud_number`,`reg_date`,  `lecture_id` ) VALUES (218521311, '2020-01-14' ,80);
 INSERT INTO `lecture_student` (`stud_number`,`reg_date`,  `lecture_id` ) VALUES (218521311, '2020-01-14', 65);
 INSERT INTO `lecture_student` (`stud_number`,`reg_date`,  `lecture_id` ) VALUES (218521311, '2020-01-14' ,64);
 INSERT INTO `lecture_student` (`stud_number`,`reg_date`,  `lecture_id` ) VALUES (218521311, '2020-01-14' ,11);
 INSERT INTO `student_course_registation` ( `stud_number`, `course_id` ) VALUES (218972174, 1);
 INSERT INTO `lecture_student` (`stud_number`,`reg_date`,  `lecture_id` ) VALUES (218972174, '2020-01-14', 81);
 INSERT INTO `lecture_student` (`stud_number`,`reg_date`,  `lecture_id` ) VALUES (218972174, '2020-01-14' ,79);
 INSERT INTO `lecture_student` (`stud_number`,`reg_date`,  `lecture_id` ) VALUES (218972174, '2020-01-14' ,77);
 INSERT INTO `lecture_student` (`stud_number`,`reg_date`,  `lecture_id` ) VALUES (218972174, '2020-01-14' ,80);
 INSERT INTO `lecture_student` (`stud_number`,`reg_date`,  `lecture_id` ) VALUES (218972174, '2020-01-14' ,64);
 INSERT INTO `lecture_student` (`stud_number`,`reg_date`,  `lecture_id` ) VALUES (218972174, '2020-01-14' ,11);
 INSERT INTO `student_course_registation` ( `stud_number`, `course_id` ) VALUES (218426930, 1);
 INSERT INTO `lecture_student` (`stud_number`,`reg_date`,  `lecture_id` ) VALUES (218426930, '2020-01-14', 81);
 INSERT INTO `lecture_student` (`stud_number`,`reg_date`,  `lecture_id` ) VALUES (218426930, '2020-01-14' ,77);
 INSERT INTO `lecture_student` (`stud_number`,`reg_date`,  `lecture_id` ) VALUES (218426930, '2020-01-14' ,80);
 INSERT INTO `lecture_student` (`stud_number`,`reg_date`,  `lecture_id` ) VALUES (218426930, '2020-01-14', 65);
 INSERT INTO `lecture_student` (`stud_number`,`reg_date`,  `lecture_id` ) VALUES (218426930, '2020-01-14' ,64);
 INSERT INTO `lecture_student` (`stud_number`,`reg_date`,  `lecture_id` ) VALUES (218426930, '2020-01-14' ,11);
 INSERT INTO `student_course_registation` ( `stud_number`, `course_id` ) VALUES (218187458, 1);
 INSERT INTO `lecture_student` (`stud_number`,`reg_date`,  `lecture_id` ) VALUES (218187458, '2020-01-14', 81);
 INSERT INTO `lecture_student` (`stud_number`,`reg_date`,  `lecture_id` ) VALUES (218187458, '2020-01-14' ,78);
 INSERT INTO `lecture_student` (`stud_number`,`reg_date`,  `lecture_id` ) VALUES (218187458, '2020-01-14' ,77);
 INSERT INTO `lecture_student` (`stud_number`,`reg_date`,  `lecture_id` ) VALUES (218187458, '2020-01-14' ,80);
 INSERT INTO `lecture_student` (`stud_number`,`reg_date`,  `lecture_id` ) VALUES (218187458, '2020-01-14', 65);
 INSERT INTO `lecture_student` (`stud_number`,`reg_date`,  `lecture_id` ) VALUES (218187458, '2020-01-14' ,64);
 INSERT INTO `lecture_student` (`stud_number`,`reg_date`,  `lecture_id` ) VALUES (218187458, '2020-01-14' ,11);
 INSERT INTO `student_course_registation` ( `stud_number`, `course_id` ) VALUES (218602008, 1);
 INSERT INTO `lecture_student` (`stud_number`,`reg_date`,  `lecture_id` ) VALUES (218602008, '2020-01-14', 81);
 INSERT INTO `lecture_student` (`stud_number`,`reg_date`,  `lecture_id` ) VALUES (218602008, '2020-01-14' ,77);
 INSERT INTO `lecture_student` (`stud_number`,`reg_date`,  `lecture_id` ) VALUES (218602008, '2020-01-14' ,80);
 INSERT INTO `lecture_student` (`stud_number`,`reg_date`,  `lecture_id` ) VALUES (218602008, '2020-01-14', 65);
 INSERT INTO `lecture_student` (`stud_number`,`reg_date`,  `lecture_id` ) VALUES (218602008, '2020-01-14' ,11);
 INSERT INTO `student_course_registation` ( `stud_number`, `course_id` ) VALUES (218643925, 1);
 INSERT INTO `lecture_student` (`stud_number`,`reg_date`,  `lecture_id` ) VALUES (218643925, '2020-01-14', 81);
 INSERT INTO `lecture_student` (`stud_number`,`reg_date`,  `lecture_id` ) VALUES (218643925, '2020-01-14' ,79);
 INSERT INTO `lecture_student` (`stud_number`,`reg_date`,  `lecture_id` ) VALUES (218643925, '2020-01-14' ,78);
 INSERT INTO `lecture_student` (`stud_number`,`reg_date`,  `lecture_id` ) VALUES (218643925, '2020-01-14' ,77);
 INSERT INTO `lecture_student` (`stud_number`,`reg_date`,  `lecture_id` ) VALUES (218643925, '2020-01-14' ,80);
 INSERT INTO `lecture_student` (`stud_number`,`reg_date`,  `lecture_id` ) VALUES (218643925, '2020-01-14', 65);
 INSERT INTO `lecture_student` (`stud_number`,`reg_date`,  `lecture_id` ) VALUES (218643925, '2020-01-14' ,64);
 INSERT INTO `lecture_student` (`stud_number`,`reg_date`,  `lecture_id` ) VALUES (218643925, '2020-01-14' ,11);
 INSERT INTO `student_course_registation` ( `stud_number`, `course_id` ) VALUES (218484535, 1);
 INSERT INTO `lecture_student` (`stud_number`,`reg_date`,  `lecture_id` ) VALUES (218484535, '2020-01-14', 81);
 INSERT INTO `lecture_student` (`stud_number`,`reg_date`,  `lecture_id` ) VALUES (218484535, '2020-01-14' ,79);
 INSERT INTO `lecture_student` (`stud_number`,`reg_date`,  `lecture_id` ) VALUES (218484535, '2020-01-14' ,77);
 INSERT INTO `lecture_student` (`stud_number`,`reg_date`,  `lecture_id` ) VALUES (218484535, '2020-01-14' ,80);
 INSERT INTO `lecture_student` (`stud_number`,`reg_date`,  `lecture_id` ) VALUES (218484535, '2020-01-14', 65);
 INSERT INTO `lecture_student` (`stud_number`,`reg_date`,  `lecture_id` ) VALUES (218484535, '2020-01-14' ,64);
 INSERT INTO `lecture_student` (`stud_number`,`reg_date`,  `lecture_id` ) VALUES (218484535, '2020-01-14' ,11);
 INSERT INTO `student_course_registation` ( `stud_number`, `course_id` ) VALUES (218878732, 1);
 INSERT INTO `lecture_student` (`stud_number`,`reg_date`,  `lecture_id` ) VALUES (218878732, '2020-01-14', 81);
 INSERT INTO `lecture_student` (`stud_number`,`reg_date`,  `lecture_id` ) VALUES (218878732, '2020-01-14' ,79);
 INSERT INTO `lecture_student` (`stud_number`,`reg_date`,  `lecture_id` ) VALUES (218878732, '2020-01-14' ,77);
 INSERT INTO `lecture_student` (`stud_number`,`reg_date`,  `lecture_id` ) VALUES (218878732, '2020-01-14' ,80);
 INSERT INTO `lecture_student` (`stud_number`,`reg_date`,  `lecture_id` ) VALUES (218878732, '2020-01-14', 65);
 INSERT INTO `lecture_student` (`stud_number`,`reg_date`,  `lecture_id` ) VALUES (218878732, '2020-01-14' ,64);
 INSERT INTO `lecture_student` (`stud_number`,`reg_date`,  `lecture_id` ) VALUES (218878732, '2020-01-14' ,11);
 INSERT INTO `student_course_registation` ( `stud_number`, `course_id` ) VALUES (218809533, 1);
 INSERT INTO `lecture_student` (`stud_number`,`reg_date`,  `lecture_id` ) VALUES (218809533, '2020-01-14', 81);
 INSERT INTO `lecture_student` (`stud_number`,`reg_date`,  `lecture_id` ) VALUES (218809533, '2020-01-14' ,77);
 INSERT INTO `lecture_student` (`stud_number`,`reg_date`,  `lecture_id` ) VALUES (218809533, '2020-01-14' ,80);
 INSERT INTO `lecture_student` (`stud_number`,`reg_date`,  `lecture_id` ) VALUES (218809533, '2020-01-14', 65);
 INSERT INTO `lecture_student` (`stud_number`,`reg_date`,  `lecture_id` ) VALUES (218809533, '2020-01-14' ,11);
 INSERT INTO `student_course_registation` ( `stud_number`, `course_id` ) VALUES (218506245, 1);
 INSERT INTO `lecture_student` (`stud_number`,`reg_date`,  `lecture_id` ) VALUES (218506245, '2020-01-14', 81);
 INSERT INTO `lecture_student` (`stud_number`,`reg_date`,  `lecture_id` ) VALUES (218506245, '2020-01-14' ,79);
 INSERT INTO `lecture_student` (`stud_number`,`reg_date`,  `lecture_id` ) VALUES (218506245, '2020-01-14' ,77);
 INSERT INTO `lecture_student` (`stud_number`,`reg_date`,  `lecture_id` ) VALUES (218506245, '2020-01-14' ,80);
 INSERT INTO `lecture_student` (`stud_number`,`reg_date`,  `lecture_id` ) VALUES (218506245, '2020-01-14', 65);
 INSERT INTO `lecture_student` (`stud_number`,`reg_date`,  `lecture_id` ) VALUES (218506245, '2020-01-14' ,64);
 INSERT INTO `lecture_student` (`stud_number`,`reg_date`,  `lecture_id` ) VALUES (218506245, '2020-01-14' ,11);
 INSERT INTO `student_course_registation` ( `stud_number`, `course_id` ) VALUES (218510492, 1);
 INSERT INTO `lecture_student` (`stud_number`,`reg_date`,  `lecture_id` ) VALUES (218510492, '2020-01-14', 81);
 INSERT INTO `lecture_student` (`stud_number`,`reg_date`,  `lecture_id` ) VALUES (218510492, '2020-01-14' ,78);
 INSERT INTO `lecture_student` (`stud_number`,`reg_date`,  `lecture_id` ) VALUES (218510492, '2020-01-14' ,77);
 INSERT INTO `lecture_student` (`stud_number`,`reg_date`,  `lecture_id` ) VALUES (218510492, '2020-01-14', 65);
 INSERT INTO `lecture_student` (`stud_number`,`reg_date`,  `lecture_id` ) VALUES (218510492, '2020-01-14' ,11);
 INSERT INTO `student_course_registation` ( `stud_number`, `course_id` ) VALUES (218242709, 1);
 INSERT INTO `lecture_student` (`stud_number`,`reg_date`,  `lecture_id` ) VALUES (218242709, '2020-01-14', 81);
 INSERT INTO `lecture_student` (`stud_number`,`reg_date`,  `lecture_id` ) VALUES (218242709, '2020-01-14' ,79);
 INSERT INTO `lecture_student` (`stud_number`,`reg_date`,  `lecture_id` ) VALUES (218242709, '2020-01-14' ,77);
 INSERT INTO `lecture_student` (`stud_number`,`reg_date`,  `lecture_id` ) VALUES (218242709, '2020-01-14' ,80);
 INSERT INTO `lecture_student` (`stud_number`,`reg_date`,  `lecture_id` ) VALUES (218242709, '2020-01-14', 65);
 INSERT INTO `lecture_student` (`stud_number`,`reg_date`,  `lecture_id` ) VALUES (218242709, '2020-01-14' ,64);
 INSERT INTO `lecture_student` (`stud_number`,`reg_date`,  `lecture_id` ) VALUES (218242709, '2020-01-14' ,11);
 INSERT INTO `student_course_registation` ( `stud_number`, `course_id` ) VALUES (218426276, 1);
 INSERT INTO `lecture_student` (`stud_number`,`reg_date`,  `lecture_id` ) VALUES (218426276, '2020-01-14', 81);
 INSERT INTO `lecture_student` (`stud_number`,`reg_date`,  `lecture_id` ) VALUES (218426276, '2020-01-14' ,79);
 INSERT INTO `lecture_student` (`stud_number`,`reg_date`,  `lecture_id` ) VALUES (218426276, '2020-01-14' ,77);
 INSERT INTO `lecture_student` (`stud_number`,`reg_date`,  `lecture_id` ) VALUES (218426276, '2020-01-14' ,80);
 INSERT INTO `lecture_student` (`stud_number`,`reg_date`,  `lecture_id` ) VALUES (218426276, '2020-01-14', 65);
 INSERT INTO `lecture_student` (`stud_number`,`reg_date`,  `lecture_id` ) VALUES (218426276, '2020-01-14' ,64);
